period,corporate_profits_billion_usd_saar,gdi_billion_usd_saar,corporate_profits_gdi_pct,corporate_profits_yoy_pct,gdi_yoy_pct
1947-Q1,21.455,240.092,8.936158,,
1947-Q2,24.483,243.209,10.06665,,
1947-Q3,24.592,247.579,9.932991,,
1947-Q4,26.127,256.122,10.200998,,
1948-Q1,29.979,265.07,11.309843,39.729667,10.403512
1948-Q2,31.757,273.654,11.6048,29.710411,12.51804
1948-Q3,31.17,278.941,11.174406,26.748536,12.667472
1948-Q4,32.665,281.223,11.615337,25.023922,9.800408
1949-Q1,31.004,274.18,11.3079,3.41906,3.436828
1949-Q2,28.664,270.661,10.59037,-9.739585,-1.093717
1949-Q3,29.923,270.863,11.047282,-4.000642,-2.895953
1949-Q4,26.64,267.232,9.968866,-18.444819,-4.975055
1950-Q1,30.056,277.506,10.830757,-3.05767,1.213072
1950-Q2,33.889,289.932,11.688603,18.22844,7.119977
1950-Q3,38.441,307.524,12.500163,28.466397,13.534887
1950-Q4,41.848,319.297,13.106293,57.087087,19.483071
1951-Q1,40.716,332.534,12.244161,35.467128,19.829481
1951-Q2,40.568,340.649,11.909032,19.70846,17.492722
1951-Q3,41.117,346.823,11.855327,6.961317,12.779165
1951-Q4,42.39,353.871,11.978941,1.295163,10.828163
1952-Q1,40.026,356.053,11.241585,-1.694665,7.07266
1952-Q2,38.129,358.604,10.63262,-6.012128,5.270821
1952-Q3,38.072,365.999,10.402214,-7.405696,5.529045
1952-Q4,42.432,378.271,11.217355,0.09908,6.895168
1953-Q1,43.34,385.073,11.255009,8.279618,8.150472
1953-Q2,42.509,388.515,10.941405,11.487319,8.340955
1953-Q3,41.31,387.598,10.65795,8.504938,5.901382
1953-Q4,34.017,380.524,8.939515,-19.831731,0.595605
1954-Q1,36.508,382.558,9.543128,-15.763729,-0.653123
1954-Q2,37.847,383.6,9.866267,-10.967089,-1.265073
1954-Q3,39.895,387.551,10.294129,-3.425321,-0.012126
1954-Q4,43.589,396.846,10.983858,28.138872,4.289348
1955-Q1,48.804,409.644,11.913759,33.680289,7.080234
1955-Q2,50.107,419.737,11.937713,32.393585,9.42049
1955-Q3,50.177,428.228,11.717356,25.772653,10.495909
1955-Q4,51.582,435.768,11.837033,18.337195,9.807835
1956-Q1,49.42,440.533,11.218229,1.262192,7.54045
1956-Q2,49.642,447.678,11.088774,-0.928014,6.656787
1956-Q3,49.309,453.772,10.86647,-1.729876,5.965047
1956-Q4,50.214,463.554,10.832395,-2.652088,6.376329
1957-Q1,51.659,471.077,10.966148,4.530554,6.933419
1957-Q2,50.289,473.964,10.6103,1.303332,5.871631
1957-Q3,49.34,478.836,10.304154,0.062869,5.523479
1957-Q4,45.271,473.699,9.556913,-9.843868,2.188526
1958-Q1,39.466,468.148,8.43024,-23.602857,-0.621767
1958-Q2,40.608,470.909,8.623322,-19.250731,-0.644564
1958-Q3,44.759,484.819,9.232105,-9.284556,1.249488
1958-Q4,50.593,498.445,10.150167,11.75587,5.223992
1959-Q1,54.265,510.145,10.637172,37.4981,8.970881
1959-Q2,59.067,524.882,11.253386,45.45656,11.46145
1959-Q3,54.19,522.572,10.369863,21.070623,7.78703
1959-Q4,54.535,528.21,10.324492,7.791592,5.971572
1960-Q1,58.609,542.125,10.810975,8.00516,6.268806
1960-Q2,54.796,543.396,10.08399,-7.230772,3.527269
1960-Q3,53.807,545.291,9.867575,-0.706772,4.347535
1960-Q4,51.506,543.938,9.469094,-5.554231,2.977604
1961-Q1,50.242,546.222,9.198092,-14.275964,0.75573
1961-Q2,54.481,556.721,9.786051,-0.574859,2.452171
1961-Q3,57.243,567.148,10.093133,6.385786,4.008318
1961-Q4,61.816,582.407,10.613883,20.017085,7.072313
1962-Q1,62.551,592.505,10.557042,24.499423,8.473295
1962-Q2,62.521,600.073,10.418899,14.757438,7.787024
1962-Q3,64.244,607.427,10.576415,12.230316,7.102026
1962-Q4,66.857,615.802,10.856899,8.154847,5.733963
1963-Q1,67.197,623.85,10.771339,7.427539,5.290251
1963-Q2,70.229,634.043,11.076378,12.328658,5.660978
1963-Q3,71.657,643.45,11.136374,11.538821,5.930425
1963-Q4,72.951,654.309,11.149319,9.114977,6.253146
1964-Q1,77.053,667.299,11.546998,14.667321,6.964655
1964-Q2,77.32,678.727,11.391915,10.096968,7.047472
1964-Q3,78.439,691.1,11.349877,9.464532,7.405393
1964-Q4,78.019,700.907,11.131149,6.947129,7.121712
1965-Q1,85.843,720.152,11.920122,11.407732,7.920437
1965-Q2,88.045,732.681,12.016826,13.870926,7.949293
1965-Q3,89.261,745.903,11.966838,13.796708,7.929822
1965-Q4,94.005,767.46,12.248847,20.489881,9.495268
1966-Q1,97.376,789.329,12.336554,13.434992,9.605889
1966-Q2,96.371,801.086,12.030044,9.456528,9.33626
1966-Q3,94.828,814.396,11.643967,6.236766,9.182561
1966-Q4,95.912,828.503,11.576542,2.028615,7.9539
1967-Q1,93.326,836.797,11.152765,-4.159136,6.013715
1967-Q2,92.153,845.681,10.896898,-4.376835,5.566818
1967-Q3,93.216,862.763,10.804358,-1.69992,5.939003
1967-Q4,96.768,881.145,10.982074,0.892485,6.35387
1968-Q1,98.123,904.129,10.852765,5.140047,8.046396
1968-Q2,102.114,927.463,11.010035,10.809198,9.67055
1968-Q3,102.643,949.276,10.812767,10.113071,10.027435
1968-Q4,104.11,969.185,10.742015,7.587219,9.991545
1969-Q1,103.475,988.736,10.465382,5.454379,9.357846
1969-Q2,100.332,1007.398,9.959519,-1.745108,8.618673
1969-Q3,97.418,1028.459,9.47223,-5.090459,8.34141
1969-Q4,92.44,1039.539,8.892403,-11.209298,7.259089
1970-Q1,84.663,1047.063,8.08576,-18.180237,5.899148
1970-Q2,88.47,1061.858,8.331622,-11.822748,5.406006
1970-Q3,88.384,1079.478,8.187661,-9.27344,4.960723
1970-Q4,83.458,1083.461,7.702908,-9.716573,4.225142
1971-Q1,96.622,1121.847,8.612761,14.125415,7.142264
1971-Q2,98.739,1143.994,8.631077,11.607325,7.735121
1971-Q3,101.436,1165.451,8.703583,14.767379,7.964312
1971-Q4,105.79,1190.035,8.889655,26.758369,9.836441
1972-Q1,111.517,1225.632,9.098734,15.415744,9.251262
1972-Q2,113.41,1249.073,9.079533,14.858364,9.185275
1972-Q3,118.171,1281.679,9.220015,16.498087,9.972792
1972-Q4,125.749,1331.426,9.444686,18.866623,11.881247
1973-Q1,133.496,1370.82,9.738405,19.709103,11.84597
1973-Q2,131.249,1399.511,9.378204,15.729653,12.043972
1973-Q3,133.029,1431.358,9.293901,12.573305,11.678353
1973-Q4,135.784,1475.234,9.204235,7.980183,10.801051
1974-Q1,130.297,1491.146,8.738044,-2.396326,8.777666
1974-Q2,128.925,1520.365,8.479872,-1.77068,8.635445
1974-Q3,124.284,1556.456,7.985064,-6.573755,8.739812
1974-Q4,119.313,1583.154,7.536411,-12.130295,7.31545
1975-Q1,117.75,1600.724,7.356046,-9.629539,7.348576
1975-Q2,128.94,1637.971,7.871934,0.011635,7.735379
1975-Q3,149.763,1700.816,8.805362,20.500628,9.274917
1975-Q4,158.982,1746.705,9.101823,33.247844,10.330707
1976-Q1,175.111,1801.802,9.718659,48.714225,12.561691
1976-Q2,173.151,1831.4,9.45457,34.288041,11.809061
1976-Q3,174.747,1869.193,9.348794,16.682358,9.899778
1976-Q4,174.343,1908.639,9.134415,9.6621,9.270827
1977-Q1,184.122,1960.906,9.389639,5.145879,8.830271
1977-Q2,204.911,2035.208,10.068308,18.342372,11.128536
1977-Q3,219.642,2097.868,10.469772,25.691428,12.233889
1977-Q4,214.459,2155.534,9.949228,23.009814,12.935657
1978-Q1,209.938,2199.97,9.542766,14.021138,12.191507
1978-Q2,239.724,2309.587,10.379518,16.989327,13.48162
1978-Q3,246.225,2365.857,10.407434,12.102876,12.77435
1978-Q4,258.389,2437.684,10.599774,20.484102,13.089564
1979-Q1,250.028,2501.832,9.993797,19.096114,13.721187
1979-Q2,252.438,2550.227,9.898648,5.303599,10.419179
1979-Q3,250.288,2609.135,9.592758,1.650117,10.28287
1979-Q4,244.109,2668.123,9.149091,-5.526551,9.453194
1980-Q1,237.401,2722.05,8.721405,-5.050234,8.80227
1980-Q2,206.769,2741.686,7.541673,-18.091175,7.507528
1980-Q3,214.074,2823.75,7.581195,-14.468932,8.225523
1980-Q4,234.259,2964.663,7.901708,-4.035083,11.11418
1981-Q1,243.132,3064.9,7.932787,2.414059,12.595287
1981-Q2,239.325,3127.116,7.653218,15.745107,14.058138
1981-Q3,256.094,3231.849,7.924071,19.628727,14.452377
1981-Q4,245.026,3253.483,7.53119,4.596195,9.742085
1982-Q1,219.839,3272.128,6.718533,-9.580393,6.76133
1982-Q2,234.129,3326.727,7.037818,-2.171106,6.38323
1982-Q3,231.535,3360.833,6.889215,-9.589838,3.991028
1982-Q4,225.521,3380.87,6.670502,-7.96038,3.915404
1983-Q1,242.393,3442.826,7.040524,10.259326,5.216727
1983-Q2,272.625,3526.639,7.730448,16.442218,6.00927
1983-Q3,289.441,3613.588,8.009795,25.00961,7.520606
1983-Q4,307.152,3725.69,8.244164,36.196629,10.19915
1984-Q1,335.741,3866.136,8.684149,38.511013,12.295422
1984-Q2,337.676,3962.847,8.521046,23.860981,12.368944
1984-Q3,333.129,4040.395,8.244961,15.093922,11.811169
1984-Q4,342.526,4115.393,8.323045,11.516773,10.459888
1985-Q1,346.957,4191.02,8.278581,3.34067,8.403326
1985-Q2,350.273,4248.348,8.244922,3.730499,7.204442
1985-Q3,367.277,4325.809,8.490366,10.250684,7.064012
1985-Q4,347.805,4374.446,7.950835,1.541197,6.294733
1986-Q1,338.526,4439.594,7.625157,-2.429984,5.93111
1986-Q2,324.827,4468.777,7.268812,-7.264619,5.188582
1986-Q3,314.959,4515.237,6.97547,-14.244834,4.379019
1986-Q4,315.948,4575.53,6.905167,-9.159443,4.596788
1987-Q1,329.707,4652.468,7.086712,-2.605117,4.794898
1987-Q2,368.167,4759.392,7.735589,13.342487,6.503233
1987-Q3,391.926,4865.151,8.055783,24.437149,7.749626
1987-Q4,393.448,4969.432,7.917364,24.529353,8.608882
1988-Q1,396.78,5068.209,7.828801,20.343214,8.935924
1988-Q2,410.038,5176.433,7.921246,11.372828,8.762485
1988-Q3,416.437,5285.539,7.878799,6.253987,8.640801
1988-Q4,441.716,5404.274,8.173457,12.267949,8.750336
1989-Q1,427.21,5493.904,7.776073,7.669237,8.399318
1989-Q2,420.362,5542.536,7.58429,2.517815,7.072496
1989-Q3,421.556,5606.205,7.519454,1.229238,6.066855
1989-Q4,405.744,5652.361,7.17831,-8.143694,4.59057
1990-Q1,417.801,5767.833,7.243639,-2.20243,4.986054
1990-Q2,436.576,5864.899,7.443879,3.857152,5.816164
1990-Q3,408.711,5910.988,6.914428,-3.047045,5.43653
1990-Q4,414.23,5927.434,6.988353,2.091467,4.866515
1991-Q1,451.174,5973.071,7.553468,7.987774,3.558321
1991-Q2,447.811,6034.491,7.420858,2.573435,2.891644
1991-Q3,446.342,6098.185,7.31926,9.207239,3.166932
1991-Q4,449.641,6155.919,7.304206,8.548632,3.854703
1992-Q1,479.412,6284.7,7.62824,6.258783,5.217232
1992-Q2,483.44,6375.336,7.582973,7.956258,5.648281
1992-Q3,470.601,6427.0,7.32225,5.43507,5.392014
1992-Q4,491.707,6532.228,7.527401,9.355464,6.112962
1993-Q1,489.316,6546.005,7.475032,2.065864,4.157796
1993-Q2,517.64,6664.264,7.767399,7.074301,4.531965
1993-Q3,532.435,6717.134,7.92652,13.139369,4.514299
1993-Q4,583.479,6885.13,8.474481,18.66396,5.402475
1994-Q1,592.611,6956.227,8.519144,21.11008,6.266754
1994-Q2,616.49,7098.217,8.685139,19.096283,6.511642
1994-Q3,651.205,7205.842,9.037181,22.306948,7.275543
1994-Q4,676.059,7331.661,9.221089,15.866895,6.48544
1995-Q1,677.704,7401.941,9.155761,14.358998,6.40741
1995-Q2,702.518,7480.96,9.390747,13.954484,5.392101
1995-Q3,736.949,7610.482,9.683342,13.166975,5.615444
1995-Q4,749.539,7696.985,9.738086,10.868874,4.982827
1996-Q1,784.501,7820.26,10.031649,15.75865,5.651477
1996-Q2,798.142,7967.235,10.017804,13.611609,6.500168
1996-Q3,804.678,8066.765,9.975226,9.19046,5.995455
1996-Q4,826.965,8210.113,10.072517,10.329816,6.66661
1997-Q1,856.653,8349.95,10.259379,9.197184,6.773304
1997-Q2,880.888,8474.827,10.394171,10.367328,6.370993
1997-Q3,917.601,8648.935,10.60941,14.033315,7.216895
1997-Q4,904.323,8795.494,10.281662,9.354447,7.129999
1998-Q1,837.258,8894.375,9.413343,-2.264044,6.520099
1998-Q2,835.598,9046.494,9.236705,-5.141403,6.745471
1998-Q3,845.144,9210.815,9.175562,-7.896351,6.496522
1998-Q4,822.666,9325.159,8.822005,-9.029628,6.022004
1999-Q1,876.474,9486.042,9.239618,4.683861,6.652148
1999-Q2,870.933,9567.858,9.102696,4.228708,5.763161
1999-Q3,856.218,9695.871,8.830749,1.310309,5.266157
1999-Q4,863.407,9892.178,8.728179,4.952314,6.080529
2000-Q1,845.969,10156.063,8.329694,-3.480423,7.06323
2000-Q2,837.646,10287.356,8.142481,-3.821993,7.519949
2000-Q3,822.08,10442.351,7.872557,-3.987069,7.698947
2000-Q4,799.947,10501.081,7.617759,-7.349952,6.155399
2001-Q1,782.044,10679.421,7.322906,-7.556423,5.153158
2001-Q2,808.069,10732.106,7.529454,-3.530967,4.323268
2001-Q3,773.204,10718.673,7.213617,-5.945407,2.646167
2001-Q4,785.445,10664.415,7.365102,-1.81287,1.555402
2002-Q1,870.086,10826.772,8.03643,11.257934,1.379766
2002-Q2,901.521,10967.337,8.220054,11.564854,2.191844
2002-Q3,933.964,11051.742,8.450831,20.791408,3.107372
2002-Q4,1015.892,11197.272,9.072674,29.339674,4.996589
2003-Q1,1007.215,11245.795,8.95637,15.760396,3.870249
2003-Q2,1044.048,11377.023,9.176812,15.809615,3.73551
2003-Q3,1097.616,11565.399,9.490516,17.522303,4.647747
2003-Q4,1159.393,11734.357,9.880328,14.125616,4.79657
2004-Q1,1268.591,11916.004,10.646111,25.950368,5.959641
2004-Q2,1301.225,12148.492,10.711,24.63268,6.780939
2004-Q3,1364.114,12376.076,11.022185,24.279712,7.009503
2004-Q4,1348.245,12540.611,10.751031,16.288868,6.870884
2005-Q1,1480.16,12750.057,11.609046,16.677479,6.999435
2005-Q2,1497.015,12964.763,11.546798,15.046591,6.719114
2005-Q3,1525.82,13180.576,11.576277,11.854288,6.500445
2005-Q4,1617.181,13489.392,11.988539,19.947116,7.565668
2006-Q1,1675.823,13795.893,12.14726,13.219044,8.202599
2006-Q2,1691.228,13973.084,12.10347,12.97335,7.777396
2006-Q3,1739.368,14125.037,12.314077,13.995622,7.165552
2006-Q4,1677.999,14207.487,11.810667,3.760742,5.323405
2007-Q1,1587.388,14341.982,11.068122,-5.277109,3.958345
2007-Q2,1655.229,14511.372,11.406427,-2.128572,3.852321
2007-Q3,1589.733,14465.128,10.990107,-8.602837,2.407718
2007-Q4,1550.866,14529.241,10.674102,-7.576465,2.264679
2008-Q1,1454.232,14574.086,9.978204,-8.388371,1.618354
2008-Q2,1428.07,14617.898,9.769325,-13.72372,0.734086
2008-Q3,1431.252,14711.004,9.729125,-9.969033,1.699784
2008-Q4,1068.927,14411.662,7.417097,-31.075477,-0.809258
2009-Q1,1297.511,14162.551,9.161563,-10.776891,-2.823745
2009-Q2,1321.896,14188.354,9.316768,-7.43479,-2.93848
2009-Q3,1492.548,14263.641,10.464004,4.282684,-3.041009
2009-Q4,1590.652,14530.841,10.94673,48.808291,0.826962
2010-Q1,1684.635,14652.508,11.497247,29.835893,3.459525
2010-Q2,1685.234,14865.717,11.336379,27.486126,4.774077
2010-Q3,1850.316,15136.173,12.224464,23.970284,6.117176
2010-Q4,1877.713,15263.709,12.301813,18.046751,5.043535
2011-Q1,1720.152,15358.947,11.199674,2.108291,4.821284
2011-Q2,1842.839,15573.082,11.833489,9.352114,4.758364
2011-Q3,1872.252,15700.283,11.924957,1.185527,3.7269
2011-Q4,2014.468,15863.772,12.698544,7.283062,3.931305
2012-Q1,2078.584,16274.824,12.771776,20.837228,5.96315
2012-Q2,2063.652,16379.664,12.598866,11.982219,5.179334
2012-Q3,2047.024,16329.29,12.535903,9.334854,4.006342
2012-Q4,2041.673,16646.696,12.264734,1.350481,4.935295
2013-Q1,2060.178,16711.465,12.327932,-0.885507,2.682923
2013-Q2,2060.487,16848.772,12.229301,-0.153369,2.863966
2013-Q3,2084.76,16946.988,12.301655,1.843457,3.782761
2013-Q4,2119.135,17134.661,12.367534,3.794045,2.931302
2014-Q1,2056.218,17313.351,11.876488,-0.192216,3.601635
2014-Q2,2226.807,17652.741,12.614511,8.071878,4.771677
2014-Q3,2286.538,17928.908,12.753359,9.678716,5.794068
2014-Q4,2281.771,18101.313,12.605555,7.674641,5.641501
2015-Q1,2240.371,18212.948,12.30098,8.955908,5.195973
2015-Q2,2219.018,18381.066,12.072303,-0.349783,4.125847
2015-Q3,2171.67,18460.774,11.7637,-5.023665,2.966528
2015-Q4,2061.454,18497.179,11.144694,-9.655526,2.186946
2016-Q1,2152.042,18592.063,11.575058,-3.942606,2.081569
2016-Q2,2111.552,18630.413,11.333898,-4.842953,1.356543
2016-Q3,2141.288,18800.88,11.389297,-1.399016,1.842317
2016-Q4,2172.364,18984.656,11.442736,5.380183,2.635413
2017-Q1,2190.228,19237.015,11.385488,1.774408,3.468964
2017-Q2,2188.025,19405.93,11.275033,3.621649,4.16264
2017-Q3,2236.674,19601.627,11.410655,4.454609,4.259093
2017-Q4,2286.037,19932.229,11.469048,5.232687,4.991257
2018-Q1,2310.84,20204.957,11.436995,5.506824,5.031664
2018-Q2,2372.926,20470.2,11.5921,8.450589,5.484251
2018-Q3,2371.399,20760.836,11.422464,6.023453,5.913841
2018-Q4,2405.504,20936.314,11.489625,5.225943,5.037495
2019-Q1,2416.436,21211.258,11.392233,4.569594,4.980466
2019-Q2,2456.629,21369.395,11.496016,3.527417,4.392703
2019-Q3,2499.116,21557.692,11.592688,5.385724,3.838265
2019-Q4,2513.104,21793.424,11.531478,4.473075,4.093892
2020-Q1,2252.456,21753.36,10.35452,-6.786027,2.555728
2020-Q2,2087.3,19785.283,10.549761,-15.033975,-7.412994
2020-Q3,2765.854,21278.878,12.99812,10.673294,-1.293339
2020-Q4,2540.471,22201.274,11.442906,1.088972,1.871436
2021-Q1,2840.375,22666.12,12.531368,26.101242,4.195949
2021-Q2,3136.193,23341.793,13.435956,50.251186,17.975533
2021-Q3,3165.099,23960.834,13.209469,14.434782,12.603841
2021-Q4,3250.366,24782.51,13.115564,27.94344,11.626522
2022-Q1,3172.463,25355.538,12.511914,11.691696,11.865366
2022-Q2,3380.648,25911.036,13.047136,7.794641,11.007051
2022-Q3,3477.058,26428.685,13.156379,9.856216,10.29952
2022-Q4,3420.234,26524.802,12.894475,5.226119,7.030329
2023-Q1,3524.291,26980.543,13.062343,11.090058,6.408876
2023-Q2,3532.548,27229.058,12.973449,4.493221,5.086721
2023-Q3,3648.807,27615.625,13.212835,4.939492,4.491105
2023-Q4,3763.658,28117.423,13.385501,10.04095,6.004271
2024-Q1,3687.52,28468.437,12.953012,4.631541,5.514693
2024-Q2,3793.125,28861.12,13.142681,7.37646,5.993825
2024-Q3,3755.734,29117.284,12.898641,2.930465,5.437715
2024-Q4,3970.626,29560.027,13.432417,5.499118,5.130641
2025-Q1,3922.871,29895.65,13.121879,6.382365,5.013317
2025-Q2,3929.661,30244.878,12.992815,3.599565,4.79454
2025-Q3,4105.221,30789.434,13.333214,9.305425,5.742809
2025-Q4,4352.096,31199.94,13.949052,9.607301,5.547739
2026-Q1,4426.485,31574.222,14.0193,12.837893,5.61477
2026-Q2,4827.39,32245.142,14.970906,22.844948,6.613563
